qid|query_en|query_id
q20105|sort by a token in string python|urutkan berdasarkan token dalam string python
q20106|python check file is readonly|periksa apakah file hanya baca di python
q20107|declaring empty numpy array in python|mendeklarasikan array numpy kosong di python
q20108|test for iterable is string in python|menguji iterable adalah string di python
q20109|python print results of query loop|python cetak hasil loop query
q20110|how to save header of fits file to export python|cara menyimpan header file fits untuk ekspor python
q20111|python calc page align|python hitung align halaman
q20112|python numpy array as float|array numpy python sebagai float
q20113|input string that replaces occurences python|string input yang mengganti kejadian di python
q20114|python check all items in list are ints|python periksa semua item dalam list adalah integer
q20115|how to save variable to text file python|cara menyimpan variabel ke file teks python
q20116|how to skip an index in a for loop python|cara melewati indeks dalam loop for python
q20117|how to create a tokenization code in python|cara membuat kode tokenisasi di python
q20118|python raise without parentheses|python raise tanpa tanda kurung
q20119|how to seperate list with commas python|cara memisahkan list dengan koma di python
q20120|python asynchronous function call return|panggilan fungsi asinkron python return
q20121|how to make a seconds to time in python|cara membuat detik ke waktu di python
q20122|python cast true or false as numbers|python konversi true atau false sebagai angka
q20123|add milliseconds to datetime python|menambahkan milidetik ke datetime python
q20124|how to read the last n lines of a program on python|cara membaca n baris terakhir program di python
q20125|python mysql get list of table columns|python mysql ambil daftar kolom tabel
q20126|python get domain part of a url in python|python ambil bagian domain dari url di python
q20127|python flatten a nested dictionaary|python meratakan dictionary bersarang
q20128|python session set get|python sesi set get
q20129|python save graph into file|python simpan grafik ke file
q20130|chmod python windows to remove file|chmod python windows untuk hapus file
q20131|add suffixes on concat python|tambahkan suffix pada concat python
q20132|how to check python object iterable|cara memeriksa objek python iterable
q20133|python 3 tkinter open file dialog|python 3 tkinter buka dialog file
q20134|how to indent self python|cara indentasi self python
q20135|tracking centroid of an object python|pelacakan centroid objek python
q20136|python3 ctypes return float array|python3 ctypes return array float
q20137|how to make paragraphs in python|cara membuat paragraf di python
q20138|python rest requests delete|python rest request hapus
q20139|python replace month number|python ganti nomor bulan
q20140|how to tell what type of data object is in python|cara mengetahui tipe objek data di python
q20141|python jsonschema validate schema file|python jsonschema validasi file schema
q20142|get wechat access token python|dapatkan token akses wechat python
q20143|python change str value to int|python ubah nilai str ke int
q20144|implementing drag and drop python|implementasi drag dan drop python
q20145|get unique list from two lists python|dapatkan list unik dari dua list python
q20146|python 3 not runnning in git bash|python 3 tidak berjalan di git bash
q20147|create unknown number of names to print in python|buat jumlah nama yang tidak diketahui untuk dicetak di python
q20148|python json if element exists|python json jika elemen ada
q20149|number of unique values in list python|jumlah nilai unik dalam list python
q20150|how to randomize items in a list in python|cara mengacak item dalam list di python
q20151|python windows check for keypress|python windows periksa keypress
q20152|python bind scrollbar to canvas|python bind scrollbar ke canvas
q20153|python setlevel how to only record error|python setlevel bagaimana hanya mencatat error
q20154|format string with *args python|format string dengan *args python
q20155|python get hostip from url|python dapat hostip dari url
q20156|python numpy masked vailding|python numpy masked validasi
q20157|python child widget close signal|python child widget sinyal close
q20158|python read from csv into numpy array|python baca dari csv ke array numpy
q20159|cast string to bytearray python|konversi string ke bytearray python
q20160|load str into python object|load str ke objek python
q20161|python ldap get all groups a user belongs to|python ldap dapat semua grup user
q20162|python check type if string|python periksa tipe jika string
q20163|python get current globals|python dapat globals saat ini
q20164|get child loggers python|dapatkan child loggers python
q20165|how to know if a text file is empty in python|cara mengetahui apakah file teks kosong di python
q20166|python normal distribution p values|python distribusi normal nilai p
q20167|python ctypes array of arrays|python ctypes array dari array
q20168|scale 1d array python to between 0 and 1|skala array 1d python antara 0 dan 1
q20169|python remove all occurances of a character in string|hapus semua kemunculan karakter dalam string python
q20170|python split string by length|python pisahkan string berdasarkan panjang
q20171|python get value from tuple|python dapat nilai dari tuple
q20172|python check if class exists|periksa apakah kelas ada python
q20173|python how to access global variable|cara mengakses variabel global python
q20174|python mysql query result to csv|hasil query mysql python ke csv
q20175|python get method of class|python dapat metode dari kelas
q20176|python get value from dictionary|cara dapat nilai dari dictionary python
q20177|python convert string to datetime|python konversi string ke datetime
q20178|python check string is url|python periksa string adalah url
q20179|how to save beautifulsoup output to file|cara simpan output beautifulsoup ke file
q20180|python 2.7 read file line by line|python 2.7 baca file baris per baris
q20181|python check if string is integer|python periksa apakah string adalah integer
q20182|python 3 get response from server|python 3 dapat respons dari server
q20183|python string to int array|python string ke array int
q20184|python find index of all occurrences in list|cari indeks semua kemunculan dalam list python
q20185|python sort dictionary by key|python urutkan dictionary berdasarkan kunci
q20186|python check if all elements in list are same|python periksa apakah semua elemen dalam list sama
q20187|python how to get array length|cara dapat panjang array python
q20188|python check if file exists before open|python periksa apakah file ada sebelum buka
q20189|python list of dict to json|python list dict ke json
q20190|python 3 list files in directory|python 3 list file dalam direktori
q20191|python read text file into list|baca file teks ke list python
q20192|python create a dictionary with keys from list|buat dictionary dengan kunci dari list python
q20193|python print dictionary in pretty print format|cetak dictionary dalam format pretty print python
q20194|python how to use global variables|cara menggunakan variabel global python
q20195|python convert list to string|konversi list ke string python
q20196|python check if process is running|python periksa apakah proses berjalan
q20197|python convert byte to string|konversi byte ke string python
q20198|python how to create json file|cara buat file json python
q20199|python 3 replace string in file|python 3 ganti string dalam file
q20200|python parse html beautifulsoup|python parsing html beautifulsoup
q20201|python get all keys from nested dictionary|dapat semua kunci dari dictionary bersarang python
q20202|python 3 copy file|python 3 salin file
q20203|python 3 check if file exists|python 3 periksa apakah file ada
q20204|python convert pandas dataframe to list|konversi pandas dataframe ke list python
q20205|python list all files in directory and subdirectories|list semua file dalam direktori dan subdirektori python
q20206|python use default arg|python gunakan argumen default
q20207|python change array dtype to int|python ubah tipe array ke int
q20208|python forcible close socket before opening|paksa tutup socket sebelum buka python
q20209|python series value non zero index|nilai series python indeks non nol
q20210|how to add a number to certain elements of an array numpy python|cara menambahkan angka ke elemen tertentu array numpy python
q20211|python unit test and coverage at same time|unit test dan coverage python sekaligus
q20212|python only list files with specific extension|hanya list file dengan ekstensi tertentu python
q20213|python global type hinting|type hinting global python
q20214|how to make a function in python to take the average of list numbers|cara membuat fungsi di python untuk rata-rata angka list
q20215|check if two arrays are equal python|periksa apakah dua array sama python
q20216|python round down numpy|pembulatan bawah numpy python
q20217|python pywin32 screenshoot refresh|pywin32 python refresh screenshot
q20218|get largest date from a list python|dapat tanggal terbesar dari list python
q20219|python lock no blocking|lock python tanpa blocking
q20220|delete item from a set python|hapus item dari set python
q20221|how to make a sentence into underscores with python|cara membuat kalimat menjadi underscore dengan python
q20222|python timestamp remove timezone|hapus timezone dari timestamp python
q20223|python sanic change all object id to string|python sanic ubah semua object id ke string
q20224|python mock mark a test as expected failure|python mock tandai test sebagai expected failure
q20225|python get current users desktop|dapat desktop user saat ini python
q20226|python connect to redis in other docker container|sambungkan python ke redis di container docker lain
q20227|python subplot second y axis|sumbu y kedua subplot python
q20228|python function to detect first element of list|fungsi python deteksi elemen pertama list
q20229|how to flip a matrix in python|cara membalik matriks di python
q20230|python full name of object from global|nama lengkap objek dari global python
q20231|check if input is an integer or boolean python|periksa apakah input integer atau boolean python
q20232|storing columns as array python|menyimpan kolom sebagai array python
q20233|create column in python by joining columns|buat kolom di python dengan menggabungkan kolom
q20234|how to remove blank lines in python file|cara hapus baris kosong di file python
q20235|how to know size of queue in python|cara tahu ukuran queue di python
q20236|python substring index of|indeks substring python
q20237|comparing int to none python|membandingkan int dengan none python
q20238|json to protobuf python|json ke protobuf python
q20239|how to join 2 data frames in python|cara gabungkan 2 data frame di python
q20240|how to product of a list in python|cara hasil kali list di python
q20241|get all dates between range datetime python|dapat semua tanggal antara rentang datetime python
q20242|python access file on remote|akses file remote python
q20243|how to download txt file from internet in python|cara unduh file txt dari internet di python
q20244|stopwords list remove python|hapus list stopwords python
q20245|limit on open file handles in python|batas handle file terbuka di python
q20246|determine the longest sentence in corpus in nlp python|tentukan kalimat terpanjang dalam korpus di nlp python
q20247|python deterministic dictionary printing|cetak dictionary deterministik python
q20248|remove namespace from xml tag python|hapus namespace dari tag xml python
q20249|fill is null with other columns python|isi null dengan kolom lain python
q20250|python async input from gui|input async dari gui python
q20251|how to identify the index of an element of a set in python|cara identifikasi indeks elemen set di python
q20252|python 3 print object string|python 3 cetak objek string
q20253|python get most recent file containing string|dapat file terbaru yang berisi string python
q20254|python sqlite3 delete doesn't delete records|sqlite3 python hapus tidak menghapus record
q20255|python apply function to iterator|terapkan fungsi ke iterator python
q20256|use python next to iterate through|gunakan python next untuk iterasi
q20257|how to print all the variables in an object python|cara cetak semua variabel dalam objek python
q20258|how to determine the index interval for given range of array python|cara tentukan interval indeks untuk rentang array python
q20259|python print numpy array with string|cetak array numpy dengan string python
q20260|python assert value is of type|assert nilai adalah tipe python
q20261|python multiproccessing map with multiple inputs|multiprocessing map dengan input ganda python
q20262|python add suffix to filename|tambahkan suffix ke nama file python
q20263|best way to deal with pagination in python|cara terbaik menangani pagination di python
q20264|finding factors in python and return list|cari faktor di python dan return list
q20265|best way to read xml in python|cara terbaik baca xml di python
q20266|how to put a string in a yaml file python|cara masukkan string dalam file yaml python
q20267|python move cursor to secific line|pindahkan kursor ke baris spesifik python
q20268|token to id python|token ke id python
q20269|python urlparse get domain|urlparse dapat domain python
q20270|python turn a string into a number|ubah string menjadi angka python
q20271|python check if all are type string in a column|periksa apakah semua bertipe string di kolom python
q20272|bin means python numpy|bin means numpy python
q20273|python boto3 delete key from s3|boto3 python hapus key dari s3
q20274|random walk steps python|langkah random walk python
q20275|python delete objects inside of objects|hapus objek dalam objek python
q20276|truncate seconds from a timestamp in python code|potong detik dari timestamp di kode python
q20277|python json load unorde|json load tidak terurut python
q20278|python yaml expected single document|yaml python expect dokumen tunggal
q20279|python filter object at|filter objek pada python
q20280|python nonetype object has no attributte|objek nonetype tidak memiliki atribut python
q20281|python tkinter how to create scrollable canvas|tkinter python cara buat canvas scrollable
q20282|geojson to topojson python|geojson ke topojson python
q20283|python get png image dimensions|dapat dimensi gambar png python
q20284|python flask separate functions get and post|flask python pisahkan fungsi get dan post
q20285|return year from date python|kembalikan tahun dari date python
q20286|how to get all modes python|cara dapat semua mode python
q20287|integer and returns a random bitstring of size python|integer dan return bitstring acak ukuran python
q20288|how to get the encoding of a file python|cara dapat encoding file python
q20289|python connect to aws rds|sambungkan python ke aws rds
q20290|python cv2 check if image is empty|periksa apakah gambar kosong cv2 python
q20291|how to hide a window using a button in python|cara sembunyikan jendela menggunakan tombol di python
q20292|python marshmallow validation schema from parent|validasi schema marshmallow dari parent python
q20293|fillna with string for specific columnin python|fillna dengan string untuk kolom spesifik python
q20294|how to separate list elements by white space python|cara pisahkan elemen list dengan spasi python
q20295|how to default value in python|cara nilai default di python
q20296|python dict keys lowercase|kunci dictionary huruf kecil python
q20297|python get index of list values that equal|dapat indeks nilai list yang sama python
q20298|python requests logging not work|logging requests python tidak bekerja
q20299|python static files flask|file static flask python
q20300|rest json schema validation python|validasi schema json rest python
q20301|write in bold and read in color of the print mesaage in python|tulis tebal dan baca warna pesan cetak di python
q20302|python type cast to bigint|type cast ke bigint python
q20303|converts matrix to pictures by python|ubah matriks ke gambar dengan python
q20304|python random selection from function|selection acak dari fungsi python
q20305|python keep processpool open until tasks complete|pertahankan processpool terbuka sampai tugas selesai python
q20306|running a def a specified amount of time python 3|menjalankan def jumlah waktu tertentu python 3
q20307|python str to dateal time|str ke datetime python
q20308|python check if file is executable|periksa apakah file executable python
q20309|python how to check the queue lenght|cara periksa panjang queue python
q20310|query server objects ldap in python|query objek server ldap di python
q20311|python docx document section different page|dokumen docx bagian halaman berbeda python
q20312|write a json object to file python|tulis objek json ke file python
q20313|how to compute the minimum value of a tensor in python|cara hitung nilai minimum tensor di python
q20314|python unittest how to assert 2 lists are almost equal|unittest python cara assert 2 list hampir sama
q20315|how to check if 2 inputs are equal in python assert equal|cara periksa apakah 2 input sama di python assert equal
q20316|python loop through proxies request|loop melalui proxy request python
q20317|python loess with gaussian kernel|loess dengan gaussian kernel python
q20318|greatest common divisor function in python|fungsi greatest common divisor di python
q20319|how to clear up memory python|cara bersihkan memori python
q20320|get eucliedan distance between two vectors python|dapat jarak euclidean antara dua vektor python
q20321|python interactive shell color|warna shell interaktif python
q20322|passing a range of values python years|lewatkan rentang nilai tahun python
q20323|python yaml for each key value|yaml untuk setiap kunci nilai python
q20324|python test if value is ctypes array|uji apakah nilai adalah array ctypes python
q20325|function return apply async python|fungsi return apply async python
q20326|reload device program code in python|reload kode program device di python
q20327|split string into n parts python|pisahkan string menjadi n bagian python
q20328|python get object as dict|dapat objek sebagai dict python
q20329|selecting a range of 2d elements from a numpy array gives empty array in python 3|pemilihan rentang elemen 2d dari array numpy menghasilkan array kosong di python 3
q20330|python read tokens from line|baca token dari baris python
q20331|write data into fits file python|tulis data ke file fits python
q20332|python print string with visible ansi codes|cetak string dengan kode ansi terlihat python
q20333|python check if value in enum|periksa apakah nilai dalam enum python
q20334|python sqlite table names in database|nama tabel sqlite di database python
q20335|how to remove all element from a python dictionary|cara hapus semua elemen dari dictionary python
q20336|python parse query string from url|parsing query string dari url python
q20337|python remove element set|hapus elemen set python
q20338|manhattan distance in python using longitude and latitude|jarak manhattan di python menggunakan longitude dan latitude
q20339|how to read from a file to a list python|cara baca dari file ke list python
q20340|dynamically update value in dictionary python|update nilai dictionary secara dinamis python
q20341|python replace string from right|ganti string dari kanan python
q20342|how to check if a path is writeable python|cara periksa apakah path dapat ditulis python
q20343|get attribute type in python|dapat tipe atribut di python
q20344|get fields of object python|dapat field objek python
q20345|how to fetch one value from one row from mysql query in python|cari satu nilai dari satu baris dari query mysql di python
q20346|python flask routes add|tambahkan route flask python
q20347|define function arg type and default values python|tentukan tipe argumen fungsi dan nilai default python
q20348|python image shape detect|deteksi bentuk gambar python
q20349|what can iterators be iterated only once in python|apa yang bisa iterator diiterasi hanya sekali di python
q20350|remove all characters in string in python|hapus semua karakter dalam string di python
q20351|python circle in a square bitmap array|lingkaran dalam array bitmap persegi python
q20352|location of maya python exe|lokasi maya python exe
q20353|how to make letters uppercase in python skipping spaces|cara buat huruf besar di python lewati spasi
q20354|python delete element from set|hapus elemen dari set python
q20355|python get current git branch|dapat branch git saat ini python
q20356|how to make a restart button using python|cara buat tombol restart menggunakan python
q20357|tracing python code execution|tracing eksekusi kode python
q20358|delete pyc files from python script|hapus file pyc dari skrip python
q20359|sleep holding up python|sleep menahan python
q20360|traversal in tree in python|traversal di tree python
q20361|timing a function call python|timing pemanggilan fungsi python
q20362|python how to stop playsound|cara stop playsound python
q20363|python change dictioinary values in place|ubah nilai dictionary di tempat python
q20364|can i pass instance method as variable python|bisa lewatkan metode instance sebagai variabel python
q20365|pickle python read entiere file|pickle python baca seluruh file
q20366|should there be equal no of columns to concanate two df python|harus ada jumlah kolom yang sama untuk concatenate dua df python
q20367|python flatten deep nested list|meratakan list bersarang dalam python
q20368|how to show a variable amount of precision in python string format|cara tampilkan jumlah presisi variabel dalam format string python
q20369|python array get element by index with default|dapat elemen array berdasarkan indeks dengan default python
q20370|check if string is int in python|periksa apakah string adalah int di python
q20371|how to change numpy array to list in python|cara ubah array numpy ke list di python
q20372|read a file into a set python|baca file ke set python
q20373|python round float to int|bulatkan float ke int python
q20374|how to write a parser on python|cara tulis parser di python
q20375|python dict with keys no value|dictionary dengan kunci tanpa nilai python
q20376|how to remove blank lines from a text file in python|cara hapus baris kosong dari file teks di python
q20377|how to hash a binary file in python|cari hash file biner di python
q20378|python get function keyword names|dapat nama keyword fungsi python
q20379|iterate through words in text file python|iterasi melalui kata dalam file teks python
q20380|python make a put request to restful endpoint|buat request put ke restful endpoint python
q20381|python get the id of the current thread|dapat id thread saat ini python
q20382|python function returning a list of all entities is called|fungsi python yang return list semua entitas
q20383|how to flat a list of list python|cara ratakan list of list python
q20384|python read yaml to numpy|baca yaml ke numpy python
q20385|discord python get user from id string|dapatkan user dari id string discord python
q20386|list of arbitrary objects to counts in python|list objek arbitrer ke hitungan di python
q20387|how to know queue size in python|cara tahu ukuran queue di python
q20388|impute missing values in python|imputasi nilai hilang di python
q20389|python dict rank by value|peringkat dictionary berdasarkan nilai python
q20390|generate short unique id python|hasilkan id unik pendek python
q20391|python numpy inverse of the matrix|invers matriks numpy python
q20392|python how to mix backslash and forward slashes in path|cara campur backslash dan forward slash dalam path python
q20393|reduce functon not defined in python|fungsi reduce tidak terdefinisi di python
q20394|python detect key press linux|deteksi keypress linux python
q20395|how to generate random binary tree in python|cara hasilkan binary tree acak di python
q20396|python get epoch milis from datetime|dapat epoch milis dari datetime python
q20397|python get environ user windows|dapat environ user windows python
q20398|iterator is past the end python|iterator sudah melewati akhir python
q20399|python if file not exist then creat|jika file tidak ada lalu buat python
q20400|python howe to tell if path passed in is absolute or relative|cara tahu apakah path yang dilewatkan absolut atau relatif python
q20401|maker a string lowercase pythong|buat string huruf kecil python
q20402|python sys stdout write new line|sys stdout tulis baris baru python
q20403|python how to create a iterable|cara buat iterable python
q20404|how to use python function in tensorflow|cara gunakan fungsi python di tensorflow
q20405|python how to get range of array with positive values numpy|cara dapat rentang array dengan nilai positif numpy python
q20406|python 3 a build string from iterable|3 build string dari iterable python
q20407|unchecking a radio button python|uncheck radio button python
q20408|python expected type sized|tipe yang diharapkan sized python
q20409|python load csv to numpy array|baca csv ke array numpy python
q20410|python remove element from list time complexity|hapus elemen dari list kompleksitas waktu python
q20411|python property by string name|property berdasarkan nama string python
q20412|index of an entry in a list python|indeks entri dalam list python
q20413|python how to determine if an iterable is iterable|cara tentukan apakah iterable adalah iterable python
q20414|python how to create date from string|cara buat date dari string python
q20415|how to append a line in a file in the middle of file in python|cara tambahkan baris dalam file di tengah file di python
q20416|how to split a string by every character in python|cara pisahkan string per karakter di python
q20417|python get index of element each time it appears in list|dapat indeks elemen setiap muncul dalam list python
q20418|python how to make dot character|cara buat karakter titik python
q20419|python heap top element|elemen teratas heap python
q20420|in python how to print strings in different colours|cara cetak string dengan warna berbeda di python
q20421|python yield unsupported operand type(s)|yield tipe operand yang tidak didukung python
q20422|how to sort files by filename python|cara urutkan file berdasarkan nama file python
q20423|how to change the axis range in a plot in python for subplots|cara ubah rentang sumbu dalam plot di python untuk subplots
q20424|python view vector to asimuth elevation|view vektor ke azimuth elevation python
q20425|python sort data by variable|urutkan data berdasarkan variabel python
q20426|compute the middle index in list python|hitung indeks tengah dalam list python
q20427|python josn dump to file|json dump ke file python
q20428|python remove condition apply to dict|hapus kondisi terapkan ke dict python
q20429|python remove directory tree if no files|hapus tree direktori jika tidak ada file python
q20430|how to pop a node off a stack python|cara pop node dari stack python
q20431|python open file with exclusive access permissions|buka file dengan izin akses eksklusif python
q20432|python gevent combine multiprocessing|gevent kombinasikan multiprocessing python
q20433|create copy that doesn't alter original python|buat salinan yang tidak mengubah asli python
q20434|remove trailing whitespace in python|hapus whitespace di akhir python
q20435|python default menuitem select|menuitem default select python
q20436|get sort indexes in a list python|dapat indeks urut dalam list python
q20437|how to start a new line in python gui|cara mulai baris baru di gui python
q20438|how to get tuple of colors in image python|cara dapat tuple warna dalam gambar python
q20439|make datetime aware python|jadikan datetime aware python
q20440|python dict drop empty|drop dictionary kosong python
q20441|python pretty print without sort|pretty print tanpa urut python
q20442|python check if interactive|periksa apakah interaktif python
q20443|python pid determine existence|pid tentukan keberadaan python
q20444|python pymongo insert without duplicatte|pymongo insert tanpa duplikat python
q20445|how to read json files with multiple object python|cara baca file json dengan banyak objek python
q20446|python discord leave voice channel|discord python keluar voice channel
q20447|python unittest make tests discoverable|unittest python buat test bisa ditemukan
q20448|multiline text send message python|kirim pesan teks multi-baris python
q20449|extract integers from string in python|ekstrak integer dari string di python
q20450|python take a string after the title|ambil string setelah title python
q20451|how to randomly select rows in ndarray in python|cara pilih baris acak dalam ndarray python
q20452|how to open a file with a path in python|cara buka file dengan path di python
q20453|python count distance between two vectors|hitung jarak antara dua vektor python
q20454|python get dimensions of list|dapat dimensi list python
q20455|python filter lowpass minmum cutoff frequency|filter lowpass frekuensi cutoff minimum python
q20456|python 3 seperate a string into a list at comma|python 3 pisahkan string menjadi list di koma
q20457|how to delete an element in a python dictionary|cara hapus elemen dalam dictionary python
q20458|how know if the box was selected in checkbox in python|cari tahu apakah kotak dipilih di checkbox python
q20459|standard scalar function in python|fungsi standard scalar di python
q20460|python random gaussian distribution noise|noise distribusi gaussian acak python
q20461|return the number of numeric attributes in python|kembalikan jumlah atribut numerik di python
q20462|python pil camera capture|capture kamera pil python
q20463|python flask create cookie expiration|flask buat cookie expiration python
q20464|python sqlalchemy model|sqlalchemy model python
q20465|python how to move to next command in for loop|cara pindah ke perintah berikutnya dalam for loop python
q20466|python check if object is a char|periksa apakah objek adalah char python
q20467|how to achieve logarithmic complexity in python|cara capai kompleksitas logaritmik di python
q20468|python listbox scrollbar not tk|listbox scrollbar bukan tk python
q20469|identify the most common number in an array python|identifikasi angka paling umum dalam array python
q20470|pull multiple values to make table python|tarik banyak nilai untuk buat tabel python
q20471|python adjust data to normal distribution|sesuaikan data ke distribusi normal python
q20472|python check if float has no floating points|periksa apakah float tidak punya titik desimal python
q20473|string remove the last blank python|hapus spasi terakhir string python
q20474|python how to display object attributes|cara tampilkan atribut objek python
q20475|determine if a list of numbers contains duplicates python|tentukan apakah list angka berisi duplikat python
q20476|python figure add title label size|figure python tambahkan label title size
q20477|python networkx longest path directed acyclic graph|networkx path terpanjang directed acyclic graph python
q20478|how to take list as input in python seperated with spaces|cara ambil list sebagai input di python dipisahkan dengan spasi
q20479|is a list in python an array|apakah list di python adalah array
q20480|python cosine similarity of two vectors|cosine similarity dua vektor python
q20481|how to model a sphere python|cara model bola python
q20482|how to check paths in python|cara periksa path di python
q20483|python test truth value of list|uji nilai kebenaran list python
q20484|python string value of enum|nilai string enum python
q20485|python create null pointer with ctypes|buat null pointer dengan ctypes python
q20486|python md5 hash string|md5 hash string python
q20487|python how to match dictionarys|cara cocokkan dictionary python
q20488|select elements from a list then delete these elements in the original list python|pilih elemen dari list lalu hapus elemen ini dalam list asli python
q20489|pybool to c plus plus python 3|pybool ke c++ python 3
q20490|how to add a question mark in python url|cara tambahkan tanda tanya di url python
q20491|python how to check whether the process with pid exist|cara periksa apakah proses dengan pid ada python
q20492|how to check if somethign is a constant python|cara periksa apakah sesuatu adalah konstanta python
q20493|python check if variable exists in locals|periksa apakah variabel ada di locals python
q20494|python filter a dictionary by value|filter dictionary berdasarkan nilai python
q20495|read json file and turn into dictionary using python|baca file json dan ubah menjadi dictionary menggunakan python
q20496|python change the shape of list|ubah bentuk list python
q20497|how to get the datatypes in python|cara dapat tipe data di python
q20498|initializing an empty string with a size python|inisialisasi string kosong dengan ukuran python
q20499|cast str as int in python|cast str sebagai int di python
q20500|python sql table column details|detail kolom tabel sql python
q20501|python pathlib to traverse directories|pathlib untuk traversir direktori python
q20502|python create list of columns with their dtype|buat list kolom dengan dtype mereka python
q20503|python turn all nested object to dict|ubah semua objek bersarang ke dict python
q20504|python read dicom images|baca gambar dicom python
q20505|python making string lower case|membuat string huruf kecil python
q20506|how to implement a macro in python|cara implementasi makro di python
q20507|python subprocess close stdin|subprocess tutup stdin python
q20508|sum within a comprehension python|sum dalam comprehension python
q20509|python timedelta without microseconds|timedelta tanpa mikrodetik python
q20510|change python object to string|ubah objek python ke string
q20511|eit request header in python flask|header request eit di flask python
q20512|python lower all elements in list|lowercase semua elemen dalam list python
q20513|using sort to move element in to new position in list python|gunakan sort untuk pindahkan elemen ke posisi baru dalam list python
q20514|remove special characters from column names in python|hapus karakter khusus dari nama kolom di python
q20515|calculate the average of a given list in python|hitung rata-rata list yang diberikan di python
q20516|past python git clone|clone git python lalu
q20517|python lambda function with 3 params|fungsi lambda dengan 3 parameter python
q20518|check for punctuation python|periksa tanda baca python
q20519|unsupported media type json python|tipe media tidak didukung json python
q20520|python separate string to list|pisahkan string ke list python
q20521|python remove phrase from list of strings|hapus frasa dari list string python
q20522|python fastest way to load data|cara tercepat memuat data python
q20523|add noise to the audio python|tambahkan noise ke audio python
q20524|object with commas turned into list python|objek dengan koma diubah menjadi list python
q20525|python set limits on x axis|atur batas sumbu x python
q20526|is python ssl socket connection thread safe|apakah koneksi socket ssl python thread safe
q20527|python3 encode decode bytes|encode decode bytes python3
q20528|xsd file to python object|file xsd ke objek python
q20529|python expand a path|ekspansi path python
q20530|python flask template table example|contoh tabel template flask python
q20531|how to check if object defined python|cara periksa apakah objek terdefinisi python
q20532|s3 sync between bucket python|sync s3 antar bucket python
q20533|change the position of 3d coordinate in python|ubah posisi koordinat 3d di python
q20534|python how to get the number of cores in a computer|cara dapat jumlah core di komputer python
q20535|python how to use pdb set trace|cara gunakan pdb set trace python
q20536|python dictionary url encode|url encode dictionary python
q20537|how to check whether a string is int in python|cara periksa apakah string adalah int di python
q20538|python 3 change permission of file chmod|python 3 ubah izin file chmod
q20539|python gaussian filter array|filter gaussian array python
q20540|how to cut off a calculated number to two decimals in python|cara potong angka yang dihitung ke dua desimal di python
q20541|replace many value at once in python|ganti banyak nilai sekaligus python
q20542|python numpy conver to float64|konversi numpy ke float64 python
q20543|python how to rank a list object|cara ranking objek list python
q20544|how to check if file doesn't exist in python|cara periksa apakah file tidak ada di python
q20545|how to get the parent directory in python|cara dapat direktori parent di python
q20546|resize an image python pil|resize gambar pil python
q20547|python boxplot data frame|boxplot dataframe python
q20548|python glpk read from lp file|glpk baca dari file lp python
q20549|python threadpool close join|threadpool tutup join python
q20550|python sklearn onehotencoder string values|nilai string sklearn onehotencoder python
q20551|python change to bytes|ubah ke bytes python
q20552|python json loads try|json loads coba python
q20553|create an empty column in data frame python|buat kolom kosong dalam dataframe python
q20554|remove whitespace at end of line in python|hapus whitespace di akhir baris di python
q20555|python file opening modes|mode pembukaan file python
q20556|python code input prompt for questions|input prompt kode python untuk pertanyaan
q20557|python parse a log file that is logging|parsing file log yang di-logging python
q20558|remove an entry from a dict python|hapus entri dari dict python
q20559|new line statemnt pythong write|statement baris baru python tulis
q20560|python view as series column format string|view sebagai format string kolom series python
q20561|python select not null column values|pilih nilai kolom bukan null python
q20562|how do functions in python know the parametr type|cara fungsi di python tahu tipe parameter
q20563|cursor positioning python windows|positioning kursor python windows
q20564|python how to equally space points in an ellipse|cara sama rata titik ruang di ellipse python
q20565|how to see how similar two images are in python|cara lihat seberapa mirip dua gambar di python
q20566|how to make a input to have no spaces in python|cara buat input tidak punya spasi di python
q20567|next line to read in python|baris berikutnya baca di python
q20568|move an item in list to front python|pindahkan item dalam list ke depan python
q20569|python wrap s w print|wrap s w print python
q20570|how to check if missing values are blanks or nan or none in python|cara periksa apakah nilai hilang adalah blanks atau nan atau none di python
q20571|python to get the indices of bin edges|dapat indeks bin edges python
q20572|python comma separated value|nilai pisahkan koma python
q20573|python requests disable ssl certificate verification|nonaktifkan verifikasi sertifikat ssl requests python
q20574|python var and distribution of probability|variabel dan distribusi probabilitas python
q20575|how to determine its a orthogonal matrix using python|cara tentukan apakah matriks orthogonal menggunakan python
q20576|strip html tags in python|hapus tag html di python
q20577|center align python text|text align tengah python
q20578|python get list of keys on an object|dapat list kunci pada objek python
q20579|is there any python function to check for nan valu|apakah ada fungsi python untuk periksa nilai nan
q20580|python get cookie for request|dapat cookie untuk request python
q20581|python is list no na|list python tidak na
q20582|python determine if a file is image|tentukan apakah file adalah gambar python
q20583|python reorganise a data frame|reorganisasi dataframe python
q20584|read first line in txt file in python|baca baris pertama dalam file txt di python
q20585|pass defined parser object to subparser python|lewatkan objek parser ke subparser python
q20586|how to print generic error in python|cara cetak error generik di python
q20587|python change the name of a key|ubah nama kunci python
q20588|moving mouse python click|gerakkan mouse click python
q20589|python to determine if services are running|tentukan apakah layanan berjalan python
q20590|python set contains multiple items|set python contains banyak item
q20591|python protobyf parse from byte|protobuf parse dari byte python
q20592|python check if a directory is writable|periksa apakah direktori dapat ditulis python
q20593|object as list python|objek sebagai list python
q20594|replace function nan python|ganti fungsi nan python
q20595|python hash table check if key exist|hash table periksa apakah kunci ada python
q20596|take all points in box python|ambil semua point dalam box python
q20597|python create enum by name|buat enum berdasarkan nama python
q20598|python matplotlib use arrow markers|matplotlib python gunakan penanda panah
q20599|python function default args|argumen default fungsi python
q20600|python how to select first 100 rows|cara pilih 100 baris pertama python
q20601|removing columnsns in data frame python|hapus kolom dalam dataframe python
q20602|python array to torch tensor|array ke torch tensor python
q20603|how to turn a list into a csv python|cara ubah list menjadi csv python
q20604|how do i unzip file in python|cara unzip file di python
